{
  "0": [
    0.9558576941490173,
    0.4783427119255066,
    2.309145927429199,
    0.6269189715385437,
    0.9629840850830078,
    0.4659803509712219,
    1.4142589569091797,
    0.5640392899513245,
    0.7534357905387878,
    0.6469095945358276,
    1.78787100315094,
    1.2584959268569946,
    0.9930976033210754,
    1.3884787559509277,
    1.569800853729248,
    0.8350080847740173,
    1.024969220161438,
    1.2440019845962524,
    0.7247490286827087,
    0.9179503321647644,
    0.6701655983924866,
    1.2459574937820435,
    1.1068716049194336,
    1.1012524366378784,
    1.414103388786316,
    0.7597970962524414,
    0.6302727460861206,
    1.9248275756835938,
    2.185955286026001,
    1.8687176704406738,
    1.3417550325393677
  ],
  "1": [
    1.3143576383590698,
    1.099293828010559,
    1.3947416543960571,
    3.2041966915130615,
    0.7291147112846375,
    1.0366528034210205,
    0.55805504322052,
    1.2904435396194458,
    2.369081735610962,
    0.5513513684272766,
    0.8872316479682922,
    0.7370392084121704,
    0.277942031621933,
    1.463921308517456,
    1.3657625913619995,
    2.044229507446289,
    0.9191976189613342,
    1.2371265888214111,
    1.5789793729782104,
    1.0882728099822998,
    0.7443020343780518,
    0.5320493578910828,
    1.486958622932434,
    0.5909508466720581,
    1.2639275789260864,
    1.508432388305664,
    0.9989913702011108,
    0.6613467335700989,
    0.36326706409454346,
    1.1474785804748535,
    0.9929121732711792,
    1.8676902055740356,
    2.060410499572754,
    0.7863894104957581,
    0.5541752576828003,
    0.4711114466190338,
    0.8302701115608215,
    0.7853095531463623,
    0.762004554271698,
    0.3290616273880005,
    0.9179136157035828,
    0.737265408039093,
    1.835814356803894,
    0.47155889868736267,
    2.0527231693267822,
    0.4156787395477295,
    0.8202311396598816,
    0.8588526248931885,
    0.9199622273445129,
    1.6189208030700684,
    0.5455930829048157,
    0.9037147760391235,
    1.3055193424224854,
    0.936924159526825,
    0.9867470860481262,
    0.5821282863616943,
    0.8005771636962891,
    1.431514024734497,
    1.3643194437026978,
    1.0505846738815308
  ],
  "2": [
    1.2697296142578125,
    1.2751355171203613,
    0.9946499466896057,
    0.6030994653701782,
    0.7995750904083252,
    0.758884608745575,
    0.9852235913276672,
    1.4312371015548706,
    0.42777904868125916,
    0.936687171459198,
    0.9945476055145264,
    1.200244665145874,
    1.2158974409103394,
    0.8821630477905273,
    1.4306904077529907,
    0.683929443359375,
    0.863594114780426,
    0.8277375102043152,
    0.6872802376747131,
    0.4196300506591797,
    1.0325140953063965,
    1.2599636316299438,
    0.7063347101211548,
    1.3899885416030884,
    0.8247846961021423,
    0.5832307934761047,
    1.8697072267532349,
    2.2079148292541504,
    0.9608283638954163,
    1.6768957376480103,
    0.7954544425010681
  ],
  "3": [
    1.0892035961151123,
    1.410678744316101,
    0.8474206924438477,
    0.5243187546730042,
    1.0209609270095825,
    0.8556796312332153,
    0.6124324798583984,
    0.9858506321907043,
    1.42344331741333,
    0.8013555407524109,
    0.6404710412025452,
    0.19579336047172546,
    1.4793040752410889,
    0.6291788816452026,
    0.8548670411109924,
    1.6892035007476807,
    1.5122965574264526,
    1.104503870010376,
    1.245269775390625,
    0.6192401051521301,
    0.6517997980117798,
    0.7691732048988342,
    1.2392314672470093,
    0.922518253326416,
    0.8496155738830566,
    1.5081523656845093,
    1.855034351348877,
    0.4646485447883606,
    1.043255090713501,
    0.8501343727111816,
    1.916575312614441,
    0.9496856331825256,
    0.8299534916877747,
    0.9836597442626953,
    0.5802815556526184,
    0.8173788189888,
    1.0544321537017822,
    1.0745091438293457,
    0.680537223815918,
    0.9076087474822998,
    1.4102225303649902,
    0.720831036567688,
    0.6016625165939331,
    0.957415759563446,
    1.5676947832107544,
    1.645975947380066,
    0.6554737687110901,
    1.445367455482483,
    0.8739544749259949,
    1.2101386785507202,
    1.3710702657699585,
    2.2744457721710205,
    0.6369664072990417,
    1.0890038013458252,
    0.4873579740524292,
    1.177446722984314,
    0.5000114440917969,
    0.3101966381072998,
    0.7533251643180847,
    1.3423370122909546
  ],
  "4": [
    1.6621524095535278,
    1.3132108449935913,
    1.4104186296463013,
    0.9685235619544983,
    0.606619119644165,
    1.2227238416671753,
    0.5523853898048401,
    1.7040382623672485,
    0.8347353339195251,
    0.8003159165382385,
    0.8847801685333252,
    1.7670279741287231,
    1.009724497795105,
    1.1928224563598633,
    1.321755051612854,
    0.5759758949279785
  ],
  "5": [
    1.1037052869796753,
    0.9745098352432251,
    0.557295560836792,
    1.2233991622924805,
    1.4464378356933594,
    0.9521426558494568,
    0.7377204298973083,
    1.0827709436416626,
    1.2074840068817139,
    1.2921507358551025,
    0.970889151096344,
    0.6121304035186768,
    1.131711721420288,
    2.307396173477173,
    1.6737922430038452,
    0.9878016114234924
  ],
  "6": [
    1.5265763998031616,
    0.7671966552734375,
    0.6289236545562744,
    0.8506815433502197,
    0.7369154691696167,
    1.182388424873352,
    0.9660999774932861,
    1.1359647512435913,
    0.5110145211219788,
    0.9596119523048401,
    0.7245888113975525,
    1.6102094650268555,
    1.7354779243469238,
    0.9992504715919495,
    1.4852701425552368,
    0.7390515804290771,
    0.505418598651886,
    0.9176986217498779,
    1.0764355659484863,
    1.2347748279571533,
    0.7734482288360596,
    0.7256701588630676,
    0.9807921648025513,
    1.373070478439331,
    0.48609453439712524,
    0.3230001628398895,
    1.0449601411819458,
    0.858940064907074,
    1.3185696601867676,
    1.0211743116378784,
    0.37557148933410645,
    1.3163710832595825,
    1.2868636846542358,
    1.0473806858062744,
    1.5025997161865234,
    1.0195456743240356,
    1.0210623741149902,
    0.7182272672653198,
    1.731711983680725,
    1.1284323930740356,
    0.8600872159004211,
    0.9852607846260071,
    1.3958778381347656,
    0.5347219109535217,
    1.0939321517944336,
    0.9250149726867676
  ],
  "7": [
    1.0899417400360107,
    1.2976763248443604,
    0.847283124923706,
    0.8656643629074097,
    0.8962742686271667,
    0.9812037348747253,
    0.9472032189369202,
    1.4224488735198975,
    0.9089894890785217,
    0.732950747013092,
    0.837902307510376,
    0.8698982000350952,
    1.2252237796783447,
    0.8739022016525269,
    0.9996128678321838,
    0.8069934844970703,
    0.7236724495887756,
    0.54560786485672,
    0.27165108919143677,
    1.7776867151260376,
    0.4818306863307953,
    1.0731346607208252,
    0.905177891254425,
    1.2399543523788452,
    0.23260082304477692,
    0.8965190649032593,
    0.9856351017951965,
    0.4871658980846405,
    0.7895988821983337,
    1.4032580852508545,
    0.9789674878120422,
    1.0087316036224365,
    0.8341671228408813,
    0.6377835273742676,
    1.398486852645874,
    1.1748806238174438,
    1.3436259031295776,
    1.0404016971588135,
    0.9063295125961304,
    0.9268604516983032,
    1.5909117460250854,
    0.9652032256126404,
    0.5850446820259094,
    1.3188081979751587,
    0.8541257381439209,
    1.2619314193725586,
    0.4831967055797577,
    0.7378970384597778,
    1.2303223609924316,
    1.0072499513626099,
    1.583783745765686,
    1.4066307544708252,
    0.6366724371910095,
    0.6813415884971619,
    0.8380278944969177,
    1.0608175992965698,
    1.0171191692352295,
    0.7914772033691406,
    0.5088244080543518
  ],