{
  "0": [
    1.3191943168640137,
    1.393463373184204,
    0.725365936756134,
    0.7736344337463379,
    0.7234135866165161,
    1.2461458444595337,
    1.2031104564666748,
    1.3589586019515991,
    1.0826846361160278,
    0.5872341394424438,
    0.6830631494522095,
    0.667724072933197,
    1.405708909034729,
    1.7028985023498535,
    1.589532494544983,
    1.7322683334350586,
    0.8525967001914978,
    0.7408279776573181,
    1.1677093505859375,
    1.7802757024765015,
    1.5206372737884521,
    0.9408933520317078,
    1.6424777507781982,
    0.9796503186225891,
    1.1638466119766235
  ],
  "1": [
    1.1057289838790894,
    1.4921537637710571,
    1.0675350427627563,
    1.5937739610671997,
    1.0513836145401,
    1.4315471649169922,
    0.7952514886856079,
    1.030274748802185,
    0.8634046912193298,
    1.0427134037017822,
    0.5149136781692505,
    0.7169848680496216,
    0.9871677756309509,
    1.353114366531372,
    0.9016512036323547,
    1.2835606336593628,
    0.8942670226097107,
    1.3573557138442993,
    1.5875300168991089,
    1.1541779041290283,
    0.987026035785675,
    0.8212697505950928,
    0.7968244552612305,
    0.6923496127128601,
    1.400231957435608,
    1.1812329292297363,
    1.0957846641540527,
    1.286217451095581,
    0.6188337206840515,
    0.7030432820320129,
    1.163549542427063,
    0.7204320430755615,
    1.9309802055358887,
    0.6626431941986084,
    1.0724488496780396,
    1.0276155471801758,
    0.8503143787384033,
    1.1657556295394897,
    1.6825428009033203,
    0.9491467475891113,
    1.3281991481781006,
    1.3123512268066406,
    0.28693318367004395,
    1.2329323291778564,
    0.425488144159317,
    0.6435291767120361,
    2.2691338062286377,
    0.8816213011741638,
    0.6505782604217529,
    0.9937196969985962,
    0.9829800724983215,
    1.016979694366455,
    1.5804530382156372,
    1.2752084732055664,
    0.5660275816917419,
    1.4024326801300049,
    0.7982951998710632,
    1.7003955841064453,
    1.5082111358642578,
    0.9743018746376038,
    0.4671299159526825
  ],
  "2": [
    0.8899317979812622,
    0.9077262878417969,
    0.930669903755188,
    0.7535985112190247,
    1.0535880327224731,
    0.7090628743171692,
    1.9843844175338745,
    1.508223533630371,
    1.7744718790054321,
    0.8032864928245544,
    0.6794770359992981,
    1.558066725730896,
    0.9217184782028198
  ],
  "3": [
    1.178226351737976,
    2.2058615684509277,
    0.34018465876579285,
    1.1382410526275635,
    1.3730888366699219,
    0.6056093573570251,
    1.6338324546813965,
    0.7474048733711243,
    1.9432260990142822,
    0.6528964638710022,
    2.0379798412323,
    0.9369203448295593,
    0.45206883549690247,
    0.47372207045555115,
    1.1277059316635132,
    0.599486231803894,
    1.18330979347229,
    1.3454500436782837,
    1.0048143863677979,
    1.7137360572814941,
    1.0616313219070435,
    0.8554030656814575,
    1.209120273590088,
    1.2406728267669678,
    1.0834161043167114,
    1.0607339143753052,
    0.5986577272415161,
    0.7909266948699951,
    1.6842193603515625,
    0.7736909985542297,
    1.393008828163147,
    1.4828267097473145,
    1.8465712070465088,
    1.6661218404769897,
    0.7468636631965637,
    1.3497635126113892,
    0.964858889579773
  ],
  "4": [
    1.0520275831222534,
    0.3859986960887909,
    1.66156804561615,
    2.025264024734497,
    0.8951193690299988,
    1.1244312524795532,
    0.8458009362220764,
    0.5883995890617371,
    1.2005857229232788,
    1.679730772972107,
    0.6376455426216125,
    0.8828447461128235,
    0.5724561810493469,
    1.0512396097183228,
    1.0551620721817017,
    1.196918249130249,
    0.7334020137786865,
    0.9691022634506226,
    0.7662677764892578,
    0.5782039761543274,
    1.477495789527893,
    1.3436509370803833,
    0.9843159914016724,
    0.7661031484603882,
    1.2749855518341064,
    1.3229056596755981,
    0.5593596696853638,
    0.7608492374420166,
    1.4641705751419067,
    0.3714587688446045,
    0.4659181833267212,
    0.7373272180557251,
    1.4974825382232666,
    0.7157714366912842,
    0.6072607636451721,
    0.789709210395813,
    0.7330635786056519,
    0.9491417407989502,
    1.0353673696517944,
    1.1379399299621582,
    1.4835889339447021,
    0.6609629392623901,
    0.8901206254959106,
    0.7653495669364929,
    0.9065822958946228,
    0.5503285527229309,
    1.2380071878433228,
    0.8348998427391052,
    0.8309817314147949,
    0.5111937522888184,
    0.7194970846176147,
    0.8508512377738953,
    0.7419982552528381,
    0.9665616154670715,
    0.6538330316543579,
    0.6997355818748474,
    0.7021514773368835,
    1.0880767107009888,
    0.8561971783638,
    0.8713180422782898,
    1.286135196685791,
    1.3309160470962524,
    0.7555322051048279,
    0.9345319867134094,
    0.5313391089439392,
    0.7062579989433289,
    0.737093985080719,
    0.9949480295181274,
    0.6823557615280151,
    1.216649055480957,
    0.8783093094825745,
    1.4042623043060303,
    0.8425926566123962
  ],
  "5": [
    1.9031777381896973,
    1.3249598741531372,
    0.6488600969314575,
    1.017839789390564,
    1.4312280416488647,
    1.7685116529464722,
    1.7094402313232422,
    1.2468369007110596,
    1.417843222618103,
    1.6224197149276733,
    0.5475683212280273,
    0.526646077632904,
    0.924159824848175
  ],
  "6": [
    0.9614899158477783,
    0.5568150281906128,
    1.5111318826675415,
    1.0834689140319824,
    0.67249995470047,
    0.6467506289482117,
    2.293671131134033,
    1.3729456663131714,
    1.0773824453353882,
    0.8544362187385559,
    0.8676368594169617,
    1.5069615840911865,
    1.3599282503128052,
    0.8356727361679077,
    0.8788256049156189,
    0.628973662853241,
    1.090958595275879,
    1.701393485069275,
    1.4953856468200684,
    0.8417530059814453,
    0.9321732521057129,
    0.9714709520339966,
    0.8437973856925964,
    0.8025075197219849,
    1.7426296472549438,
    1.407179832458496,
    0.9411593079566956,
    2.1037492752075195,
    0.9093816876411438,
    0.8094547390937805,
    1.007144808769226,
    1.0217045545578003,
    0.4832618236541748,
    0.9810709953308105,
    1.08735191822052,
    1.2198930978775024,
    0.6402744650840759,
    0.9411364793777466,
    1.0605697631835938,
    1.117478847503662,
    1.095514178276062,
    1.1726353168487549,
    0.7194099426269531,
    1.2611751556396484,
    1.1615723371505737,
    0.7161616086959839,
    0.911531388759613,
    0.7806204557418823
  ],
  "7": [
    0.9871406555175781,
    0.9909372329711914,
    1.6674412488937378,
    1.6760178804397583,
    1.2163857221603394,
    1.0313996076583862,
    0.8687959909439087,
    1.1721813678741455,
    1.1698415279388428,
    1.303138256072998,
    0.7191925048828125,
    1.9372528791427612,
    1.596613883972168,
    0.7272458672523499,
    0.8488709926605225,
    0.7276515364646912,
    1.4256771802902222,
    1.6851059198379517,
    1.184389352798462,
    0.7987277507781982,
    1.0291335582733154,
    0.8375405669212341,
    0.6314627528190613,
    0.5040793418884277,
    1.0822618007659912,
    0.6459288001060486,
    1.6646429300308228,
    1.0281755924224854,
    1.1049306392669678,
    1.3344401121139526,
    1.2560181617736816,
    1.0140316486358643,
    0.8729662895202637,
    1.0742335319519043,
    1.3038612604141235,
    0.8298323154449463,
    0.6735628247261047,
    1.191772699356079,
    0.9603913426399231,
    0.5361799597740173,
    0.7153310775756836,
    1.481372594833374,
    0.6998938918113708,
    1.0147740840911865,
    0.6263502836227417,
    0.9705514311790466,
    1.0995495319366455,
    0.9173113703727722,
    1.0613888502120972,
    1.656024694442749,
    0.6762558221817017,
    0.979726254940033,
    0.8794909715652466,
    0.5936760306358337,
    0.8957148194313049,
    0.9191364049911499,
    1.1174015998840332,
    0.6890844702720642,
    0.873978853225708,
    1.5639222860336304,
    0.7743571400642395
  ],