{
  "epoch": [
    1,
    2,
    3,
    4,
    5,
    6,
    7,
    8,
    9,
    10
  ],
  "train_loss": [
    1.9907286357549505,
    1.8010659236415327,
    1.6871247166729018,
    1.540276271528387,
    1.4311756402456053,
    1.386048311654301,
    1.344472388408899,
    1.283057470874686,
    1.2567026106915917,
    1.2404584270610959
  ],
  "train_accuracy": [
    21.707429495198877,
    30.495465695466482,
    36.76346346123756,
    41.91604037355828,
    45.437300237429426,
    47.5222212439937,
    49.28198892169089,
    50.27600753763485,
    52.68106872149369,
    52.20149553593856
  ],
  "test_loss": [
    2.1495585590329,
    2.001497394230515,
    1.7917909562006467,
    1.7729542550736954,
    1.6330622566648778,
    1.623083964840169,
    1.558778031902772,
    1.4833512418874157,
    1.4690431292266262,
    1.448854141749108
  ],
  "test_accuracy": [
    19.580115113952424,
    24.959564933924508,
    31.370436707407443,
    34.93804900779675,
    38.91714028545672,
    40.196794853545654,
    44.13396950840242,
    45.59384596486803,
    46.10281197827735,
    45.189797134984225
  ],
  "num_trees": [
    6,
    6,
    6,
    6,
    7,
    7,
    7,
    7,
    7,
    8
  ],
  "avg_fitness": [
    6.272379272734955,
    7.139051479102926,
    8.35254189559562,
    8.709302154829334,
    9.390597629541693,
    9.990848606661766,
    10.201157257780592,
    10.451257433348658,
    10.666501163929352,
    11.169741010157207
  ],
  "architecture_diversity": [
    3,
    3,
    3,
    3,
    4,
    4,
    4,
    4,
    4,
    4
  ],
  "memory_size": [
    105,
    120,
    145,
    180,
    225,
    280,
    345,
    420,
    505,
    600
  ]
}