{
  "0": [
    1.0785578489303589,
    0.8973782062530518,
    1.5357202291488647,
    1.1399061679840088,
    0.8040964603424072,
    1.5166021585464478,
    0.8874810338020325,
    1.05461585521698,
    1.2192336320877075,
    0.8395624160766602,
    0.7107176780700684,
    0.6981145739555359,
    0.8646740913391113,
    0.917708158493042,
    0.2728278338909149,
    1.2006288766860962,
    1.3875750303268433,
    1.1935622692108154,
    0.5144972205162048,
    1.041091799736023,
    0.7213246822357178,
    1.326380968093872,
    0.29158106446266174,
    0.6171343326568604,
    0.6119998693466187,
    0.8650179505348206,
    0.9021095633506775,
    1.3115313053131104,
    0.675065815448761,
    0.3738686442375183,
    1.0854746103286743,
    1.3244863748550415,
    0.8946869373321533,
    1.2430909872055054,
    1.2321058511734009,
    0.7437046766281128,
    0.7590988874435425,
    2.0157999992370605,
    1.5647789239883423,
    0.6441515684127808,
    1.1792781352996826,
    0.7003469467163086,
    0.9841894507408142,
    1.1569987535476685,
    0.6040602922439575,
    1.6383360624313354,
    1.2681312561035156,
    1.864648699760437,
    0.9014571309089661,
    0.6924382448196411
  ],
  "1": [
    0.7224310636520386,
    0.5852393507957458,
    0.4090314209461212,
    0.7993668913841248,
    1.7298558950424194,
    2.0099825859069824,
    0.8471686840057373,
    1.4064462184906006,
    0.9412286281585693,
    1.4042598009109497,
    0.33752569556236267,
    1.0069745779037476,
    1.4742261171340942,
    0.7349032759666443,
    0.8524477481842041,
    0.8358227014541626,
    0.833440363407135,
    0.7770571708679199,
    0.6347995400428772,
    1.4633597135543823,
    1.1800988912582397,
    0.8986855149269104,
    0.585291862487793,
    0.7416673898696899,
    0.4641096591949463,
    0.5909066200256348,
    1.3622522354125977,
    0.6641865372657776,
    1.209915041923523,
    1.0066940784454346,
    0.7690750360488892,
    2.221529483795166,
    1.2847115993499756,
    0.6242855787277222,
    1.0106371641159058,
    1.6817985773086548,
    0.5355254411697388,
    0.6246060729026794,
    0.8335872888565063,
    1.1038480997085571,
    1.836911678314209,
    0.25946366786956787,
    0.38463112711906433,
    0.6304088234901428,
    0.9761612415313721,
    1.1140797138214111,
    1.4955549240112305,
    1.7546733617782593,
    1.7242603302001953,
    0.9036423563957214
  ],
  "2": [
    1.3329894542694092,
    1.2168335914611816,
    0.743903398513794,
    0.7422603964805603,
    1.0759036540985107,
    1.4282976388931274,
    0.7220516800880432,
    0.2657802402973175,
    0.876654326915741,
    1.3779795169830322,
    2.362144708633423,
    1.5823551416397095,
    1.8482850790023804,
    0.7853126525878906,
    1.2363125085830688,
    0.914737343788147,
    1.3694205284118652,
    0.6366797089576721,
    0.6894783973693848,
    1.3146134614944458,
    1.129564642906189,
    1.9517041444778442,
    0.6724990010261536,
    1.4030555486679077,
    0.8553335666656494,
    1.8890864849090576,
    1.4254558086395264,
    1.0641151666641235,
    1.1002601385116577,
    1.8093194961547852,
    0.8097735643386841
  ],
  "3": [
    1.0205408334732056,
    1.0913019180297852,
    0.8431456089019775,
    1.1973605155944824,
    0.7018833160400391,
    0.6875149607658386,
    0.6807724833488464,
    1.3163981437683105,
    1.7947808504104614,
    1.550013542175293,
    1.1097646951675415,
    0.8990667462348938,
    0.9616733193397522,
    1.0516239404678345,
    0.5193697214126587,
    0.8409122228622437,
    1.1442457437515259,
    0.7819636464118958,
    0.8786876201629639,
    1.57537043094635,
    0.7892870306968689,
    1.0490790605545044,
    0.8027393221855164,
    1.0643521547317505,
    0.7821054458618164,
    1.2623622417449951,
    0.95006263256073,
    1.240387201309204,
    0.7116184234619141,
    1.6709623336791992,
    1.1623018980026245,
    0.9162610173225403,
    1.17889404296875,
    0.40486443042755127,
    0.9313713908195496,
    0.897700846195221,
    0.8168155550956726,
    1.1725250482559204,
    1.1411023139953613,
    0.5381200313568115,
    1.3999865055084229,
    0.5874613523483276,
    1.160971760749817,
    0.76899653673172,
    1.1105396747589111,
    1.6987745761871338,
    0.9224314093589783,
    0.32892823219299316,
    1.1340667009353638,
    0.5125086903572083
  ],
  "4": [
    0.9856780171394348,
    1.0371437072753906,
    1.3792637586593628,
    0.9631211161613464,
    0.7441933155059814,
    0.7120321393013,
    0.9161612391471863,
    0.6634950041770935,
    0.32206007838249207,
    2.1607325077056885,
    1.2314269542694092,
    1.0519027709960938,
    0.5841199159622192,
    0.3647165298461914,
    1.1049187183380127,
    1.6742329597473145,
    0.8394480347633362,
    0.6859928369522095,
    0.6080918908119202,
    1.341343641281128,
    1.6965985298156738,
    1.6364696025848389,
    0.7278537750244141,
    0.4353099763393402,
    0.6310579776763916,
    0.833503007888794,
    1.2987393140792847,
    0.5830399990081787,
    0.583770751953125,
    1.0441670417785645,
    0.45471838116645813,
    1.2755142450332642,
    1.4774004220962524,
    1.2730770111083984,
    0.8793910145759583,
    1.056047797203064,
    1.2387888431549072,
    1.1287109851837158,
    1.2120606899261475,
    1.4475570917129517,
    1.7560347318649292,
    0.7533706426620483,
    0.2105524092912674,
    0.9344163537025452,
    0.9229515194892883,
    1.3891695737838745,
    0.577953577041626,
    0.4333076477050781,
    0.4902089834213257,
    1.283873200416565
  ],
  "5": [
    1.0506349802017212,
    1.077595591545105,
    1.732034683227539,
    1.1931618452072144,
    1.4592779874801636,
    2.236128091812134,
    0.5006351470947266,
    1.0580118894577026,
    0.618760347366333,
    0.677828311920166,
    0.9999659657478333,
    1.0958653688430786,
    0.6136459112167358,
    1.2983266115188599,
    0.678602933883667,
    1.1728355884552002
  ],
  "6": [
    0.5102735757827759,
    0.9560649394989014,
    0.9235677719116211,
    0.7120398879051208,
    0.6106706261634827,
    1.2541897296905518,
    1.3912218809127808,
    2.6929311752319336,
    0.9247750639915466,
    0.8224690556526184,
    0.4460430443286896,
    0.8576221466064453,
    1.1252213716506958,
    0.454630583524704,
    2.12693190574646,
    0.9255866408348083,
    0.9231224060058594,
    1.255126953125,
    0.8205805420875549,
    1.2507883310317993,
    1.7854777574539185,
    1.18601655960083,
    1.3623689413070679,
    0.9405667185783386,
    1.0512213706970215,
    0.7972968816757202,
    0.5122804045677185,
    1.1112383604049683,
    1.29353666305542,
    0.4404166042804718,
    0.9623846411705017,
    0.63029545545578,
    0.6685579419136047,
    1.4049760103225708,
    2.5972015857696533,
    1.2112154960632324,
    1.1402958631515503,
    1.3216066360473633,
    0.5548034906387329,
    1.1750726699829102,
    0.7923895120620728,
    1.3129075765609741,
    1.5627477169036865,
    0.9682527780532837,
    1.108019471168518,
    1.158221960067749,
    1.6563177108764648,
    1.4599037170410156,
    2.030458688735962,
    1.6801044940948486
  ],