{
  "0": [
    0.9350011944770813,
    1.3618700504302979,
    1.3250619173049927,
    1.7362043857574463,
    0.9465083479881287,
    1.549608826637268,
    1.3522881269454956,
    0.8032801747322083,
    0.9613761901855469,
    1.094463586807251,
    0.8466507196426392
  ],
  "1": [
    1.0069568157196045,
    0.7695733308792114,
    1.0954320430755615,
    0.6327522993087769,
    1.3201225996017456,
    0.5971208810806274,
    1.2744531631469727,
    1.7373969554901123,
    0.8759064078330994,
    0.8193385004997253,
    1.2053431272506714,
    1.3779090642929077,
    0.8682934641838074,
    1.0415748357772827,
    0.8165318369865417,
    1.3250905275344849,
    1.4445048570632935,
    1.109955906867981,
    0.6151046752929688,
    1.212203025817871,
    0.7289251685142517
  ],
  "2": [
    0.8519026637077332,
    0.5383444428443909,
    1.2883208990097046,
    1.7346305847167969,
    1.1463056802749634,
    1.5237921476364136,
    1.0528504848480225,
    0.6640969514846802,
    0.790956437587738,
    1.4363831281661987,
    1.3220962285995483,
    0.9417557120323181,
    1.027505874633789,
    1.2972419261932373,
    0.8949141502380371,
    0.8010997772216797,
    0.7446753978729248,
    0.81371009349823,
    0.6032871603965759,
    0.866413414478302,
    1.2307660579681396,
    1.0027527809143066,
    1.0580929517745972,
    1.415189266204834,
    0.9268596172332764,
    1.5468485355377197,
    0.46778997778892517,
    1.0118240118026733,
    1.3962318897247314,
    1.4706672430038452,
    1.1013556718826294,
    0.7710719704627991,
    1.2911099195480347,
    0.4940296709537506,
    1.3541191816329956,
    0.9565996527671814,
    1.844240665435791,
    1.2524372339248657,
    0.7850512862205505,
    0.6720322370529175
  ],
  "3": [
    0.5115517973899841,
    0.6926799416542053,
    0.9412392973899841,
    1.3400806188583374,
    1.0594552755355835,
    1.3214191198349,
    1.1913472414016724,
    1.337645411491394,
    1.5069983005523682,
    1.058292269706726,
    1.2850946187973022
  ],
  "4": [
    1.0786200761795044,
    1.0362446308135986,
    1.8162429332733154,
    0.5135257244110107,
    1.4521549940109253,
    1.192952275276184,
    2.22896409034729,
    0.7049415707588196,
    0.5693725943565369,
    1.501245379447937,
    0.8770948052406311,
    0.9603409171104431,
    1.2086498737335205,
    0.952682375907898,
    0.7988924384117126,
    1.659487009048462,
    0.9837213754653931,
    0.5115047097206116,
    1.1042852401733398,
    1.0190168619155884,
    0.8537924289703369,
    0.9155759215354919,
    1.599938988685608,
    1.7543284893035889,
    1.0773948431015015,
    1.0482137203216553,
    1.2255146503448486,
    1.195509672164917,
    0.8532960414886475,
    0.9430897235870361,
    1.3068759441375732
  ],
  "5": [
    0.797918975353241,
    1.2970457077026367,
    0.5858346819877625,
    0.9803527593612671,
    0.4336654841899872,
    0.6667895913124084,
    1.6045150756835938,
    0.958694338798523,
    1.2937333583831787,
    0.73408043384552,
    0.9558160305023193,
    1.2201002836227417,
    1.365313172340393,
    0.7378273010253906,
    0.9668314456939697,
    1.4506800174713135,
    0.9791930913925171,
    1.0591470003128052,
    1.219690203666687,
    1.0682544708251953,
    0.5924656987190247,
    0.8680870532989502,
    0.6948052644729614,
    0.8205057978630066,
    0.9878541231155396,
    1.5810726881027222,
    0.888778030872345,
    1.284484624862671,
    0.9917417764663696,
    1.0675337314605713,
    0.9215201139450073,
    1.315360188484192,
    1.6971666812896729,
    0.907496452331543,
    0.736510694026947,
    1.5238524675369263,
    0.6700010299682617,
    0.439697802066803,
    1.5391229391098022,
    1.3422375917434692
  ],
  "6": [
    1.1995739936828613,
    1.4163553714752197,
    1.1450620889663696,
    0.6331708431243896,
    1.5510162115097046,
    1.636182188987732,
    1.6716151237487793,
    0.8196276426315308,
    0.41598522663116455,
    0.9801850914955139,
    1.1626068353652954,
    1.0692167282104492,
    0.7857159376144409,
    0.909814178943634,
    1.0992543697357178,
    1.5241881608963013,
    0.8175598978996277,
    1.0022456645965576,
    1.653347373008728,
    1.0555753707885742,
    1.5123564004898071,
    1.1706539392471313,
    1.1748610734939575,
    1.499315857887268,
    1.4090632200241089,
    0.8972196578979492,
    0.6507686376571655,
    1.8565670251846313,
    1.0482149124145508,
    0.6900367140769958,
    0.9599325656890869,
    0.7144400477409363,
    0.7630473375320435,
    0.8019249439239502,
    0.6893404126167297,
    1.251437783241272,
    1.1549749374389648,
    1.8988415002822876,
    1.6609092950820923
  ],
  "7": [
    1.2372863292694092,
    1.374027132987976,
    0.9889448285102844,
    1.3395932912826538,
    0.6523523330688477,
    0.3990590274333954,
    1.0835821628570557,
    0.7585867643356323,
    1.3752623796463013,
    0.659171998500824,
    0.8195644021034241,
    0.6894673705101013,
    1.0539374351501465,
    0.4958658814430237,
    1.7262486219406128,
    0.6855669021606445,
    0.3503507375717163,
    0.8891210556030273,
    1.976067304611206,
    0.9854727387428284,
    1.4726420640945435,
    1.603054404258728,
    0.73717200756073,
    1.222182273864746,
    0.5312527418136597,
    0.5785009860992432,
    0.5075880885124207
  ],
  "8": [
    1.3991776704788208,
    1.4496837854385376,
    0.9438585042953491,
    1.2663524150848389,
    0.6579161882400513,
    1.5629165172576904,
    0.6054770946502686,
    1.0091816186904907,
    1.5194653272628784,
    1.0813422203063965,
    0.8292048573493958,
    1.094238042831421,
    0.6881741881370544,
    0.727986752986908,
    0.8622668385505676
  ],
  "9": [
    0.9795846343040466,
    1.0824490785598755,
    0.681614339351654
  ]
}