{
  "0": [
    1.0828866958618164,
    1.2124086618423462,
    1.2823272943496704,
    1.098332166671753,
    1.1111785173416138,
    1.9474496841430664,
    1.3297096490859985,
    0.6426289677619934,
    0.9771976470947266,
    1.1324856281280518,
    0.2348158061504364,
    0.7291576266288757,
    1.50637948513031,
    1.1263186931610107,
    1.4978654384613037,
    0.7712703943252563,
    0.4649538993835449,
    1.0876725912094116,
    1.6716474294662476,
    0.759433925151825,
    0.6712439656257629,
    0.921180248260498,
    0.5817568302154541,
    0.6597698330879211,
    1.4521100521087646,
    1.049635648727417,
    0.46242913603782654,
    0.34210410714149475,
    0.7978322505950928,
    0.798907995223999,
    0.8543781042098999,
    1.4331459999084473,
    1.8620553016662598,
    0.8923455476760864,
    0.7671005129814148,
    0.8538386225700378,
    0.920337975025177,
    0.9732286334037781,
    0.7401589155197144,
    0.4120829403400421
  ],
  "1": [
    0.5950327515602112,
    1.048718810081482,
    1.9886943101882935,
    1.1359933614730835,
    0.8375009894371033,
    0.7172092795372009,
    1.1401374340057373,
    1.103982925415039,
    1.0837266445159912,
    2.0799736976623535,
    1.28506338596344
  ],
  "2": [
    0.8287144899368286,
    0.9515861868858337,
    0.7643832564353943,
    0.7868209481239319,
    0.45103389024734497,
    0.6880469918251038,
    1.5374983549118042,
    0.7470265030860901,
    0.9511243104934692,
    0.6039853096008301,
    0.7459243535995483,
    1.4944345951080322,
    0.9683767557144165,
    0.7154706120491028,
    1.830769419670105,
    1.216835379600525,
    0.9446703791618347,
    0.5190937519073486,
    1.6855236291885376,
    0.8729326725006104,
    2.1628687381744385
  ],
  "3": [
    0.6814802885055542,
    1.0214288234710693,
    0.37704113125801086,
    0.791471540927887,
    1.2949638366699219,
    2.2095417976379395,
    1.1629897356033325,
    0.6215432286262512,
    0.6232045888900757,
    0.9230872392654419,
    0.39095157384872437,
    1.2780258655548096,
    1.3276941776275635,
    0.9897184371948242,
    1.2286993265151978,
    1.1494908332824707,
    1.6841083765029907,
    0.8439764976501465,
    0.5352141261100769,
    1.2731385231018066,
    0.8990804553031921,
    0.9887890219688416,
    1.1458311080932617,
    1.107638955116272,
    0.9435305595397949,
    0.15022094547748566,
    1.2935713529586792,
    0.8927994966506958,
    0.876758337020874,
    1.1770471334457397,
    0.7082908749580383,
    1.0521032810211182,
    1.3838287591934204,
    0.8623064756393433,
    1.2129054069519043,
    1.4299626350402832,
    0.7518090605735779,
    1.0091383457183838,
    0.9359295964241028,
    2.1722309589385986
  ],
  "4": [
    0.8469234704971313,
    1.3115566968917847,
    1.1771034002304077,
    1.1283384561538696,
    0.8992596864700317,
    1.3345720767974854,
    1.067449927330017,
    1.7108324766159058,
    0.8037847876548767,
    0.7394054532051086,
    1.0560376644134521
  ],
  "5": [
    0.9172420501708984,
    0.5577818751335144,
    1.4483202695846558,
    0.7976926565170288,
    1.7851507663726807,
    0.5341596603393555,
    1.476936936378479,
    0.5149907469749451,
    0.5438201427459717,
    0.7964192628860474,
    1.134927749633789,
    1.7943707704544067,
    0.39642760157585144,
    1.1824853420257568,
    0.5485782027244568,
    0.911454975605011,
    0.8979511260986328,
    0.5363490581512451,
    1.0379390716552734,
    0.910520613193512,
    0.6186336874961853,
    0.9302085638046265,
    1.1067626476287842,
    0.835433840751648,
    1.1974513530731201,
    0.47125130891799927,
    1.2053583860397339,
    1.3254040479660034,
    0.8820192217826843,
    0.49876683950424194,
    0.3540027439594269,
    0.5574812293052673,
    0.9895561933517456,
    0.9460306167602539,
    0.9615919589996338,
    1.8740808963775635,
    1.9324631690979004,
    0.5777813792228699,
    1.0165159702301025,
    0.688301682472229
  ],
  "6": [
    1.2886842489242554,
    1.083581805229187,
    0.8788557648658752,
    0.9187110662460327,
    0.4823095202445984,
    1.0039440393447876,
    1.5642731189727783,
    1.7743504047393799,
    0.8724793791770935,
    0.7599988579750061,
    1.3557319641113281,
    0.5435819625854492,
    0.8882650136947632,
    1.5625094175338745,
    1.0191863775253296,
    0.9735410809516907,
    1.149095892906189,
    1.0217249393463135,
    0.9863205552101135,
    0.829503059387207,
    1.8243308067321777,
    1.8763612508773804,
    1.0548549890518188,
    0.7408304810523987,
    1.7369831800460815,
    0.7499749660491943,
    1.3780570030212402,
    1.3425148725509644,
    1.032981038093567,
    0.7065654993057251
  ],
  "7": [
    1.66946280002594,
    0.9279031753540039,
    1.038748025894165,
    0.8159592747688293,
    1.1098992824554443,
    1.0086047649383545,
    0.714952826499939,
    0.8635177612304688,
    1.0842006206512451,
    1.1887975931167603,
    0.6791247725486755,
    1.1669553518295288,
    0.6767022609710693,
    0.9588992595672607,
    1.165832757949829,
    1.0845533609390259,
    0.9143463969230652,
    2.1985249519348145,
    0.4661671817302704,
    1.2149945497512817,
    0.6192964315414429,
    0.5087854266166687,
    0.541671633720398,
    0.8410748839378357,
    1.2044849395751953,
    1.0943033695220947,
    1.031633734703064
  ],
  "8": [
    1.1536966562271118,
    1.5927557945251465,
    0.88458651304245,
    1.5988508462905884,
    1.2790429592132568,
    0.611817479133606,
    0.9525021314620972,
    1.0130887031555176,
    0.7773007154464722,
    1.3903417587280273,
    0.4757387042045593,
    0.7189829349517822,
    1.3374313116073608,
    0.9448667764663696,
    0.9506446719169617
  ],
  "9": [
    1.3868759870529175,
    1.0139153003692627,
    1.1807773113250732
  ]
}