{
  "0": [
    0.4322965443134308,
    3.277423620223999,
    0.9823582768440247,
    0.9579107761383057,
    1.1818337440490723,
    1.539759635925293,
    0.9263431429862976,
    1.87406587600708
  ],
  "1": [
    1.2526624202728271,
    0.7316609025001526,
    1.3191686868667603,
    1.3241040706634521,
    1.1468385457992554,
    1.6135632991790771,
    0.46994492411613464,
    0.4529365301132202,
    1.7058759927749634,
    0.6864095330238342,
    0.3095419406890869,
    1.853330135345459,
    1.448729395866394,
    2.5271129608154297,
    0.25451892614364624,
    0.8383631706237793,
    0.4795585572719574,
    0.9662788510322571,
    1.0818806886672974,
    1.4558720588684082,
    0.6148733496665955,
    0.8612052798271179
  ],
  "2": [
    0.8907409906387329,
    0.8183866143226624,
    1.1100172996520996,
    0.6745014190673828,
    0.4329535663127899,
    1.4840009212493896,
    1.7128385305404663,
    0.8566886782646179,
    0.8321876525878906,
    0.859325110912323,
    0.8898859620094299,
    1.4938671588897705,
    1.1127570867538452,
    1.4740396738052368,
    1.5118900537490845
  ],
  "3": [
    1.0325164794921875,
    0.7719828486442566,
    1.2237586975097656,
    0.5752953290939331,
    0.6068668961524963,
    1.9519966840744019,
    2.7262392044067383,
    1.002875566482544
  ],
  "4": [
    0.6072819232940674,
    0.6562442183494568,
    0.5280909538269043,
    0.44482824206352234,
    0.1748218685388565,
    0.46390199661254883,
    1.4611573219299316,
    0.9718488454818726,
    0.719609797000885,
    1.5324537754058838,
    1.798550009727478,
    0.9260120987892151,
    0.7050216794013977,
    0.9997453093528748,
    0.35447990894317627,
    1.033270239830017,
    0.9161795377731323,
    1.1351842880249023,
    0.8362478613853455,
    1.2247868776321411,
    1.164052128791809,
    0.2022702693939209,
    1.0140401124954224,
    1.1544522047042847,
    0.4961334764957428,
    0.7726113796234131,
    0.7094329595565796,
    1.1083160638809204,
    1.1882792711257935
  ],
  "5": [
    1.3612570762634277,
    1.3112598657608032,
    0.8963190913200378,
    1.2889198064804077,
    0.7046288251876831,
    1.1811482906341553,
    0.53367680311203,
    0.8409160375595093
  ],
  "6": [
    0.5830788016319275,
    1.5922441482543945,
    0.6598021388053894,
    1.298675775527954,
    1.6144264936447144,
    0.5893972516059875,
    1.002997875213623,
    0.9742348790168762
  ],
  "7": [
    0.7273309826850891,
    0.5331242084503174,
    0.9162806272506714,
    0.8081836104393005,
    0.5137874484062195,
    0.9587213397026062,
    1.0890917778015137,
    1.5008525848388672,
    1.8515301942825317,
    1.4146767854690552,
    0.4891758859157562,
    1.5929985046386719,
    1.069411277770996,
    0.5804329514503479,
    1.040819525718689,
    0.5660690665245056,
    1.437127709388733,
    1.1253827810287476,
    1.2906572818756104,
    1.1706349849700928,
    0.9712979197502136,
    0.6484166979789734
  ],
  "8": [
    1.4434770345687866,
    0.8430001139640808,
    1.6041150093078613,
    0.6313998699188232,
    1.1014275550842285,
    0.40538468956947327,
    1.167953610420227,
    0.48984256386756897,
    0.730981707572937,
    1.1938397884368896,
    1.0163735151290894,
    1.0635136365890503,
    1.6693570613861084,
    1.447490930557251,
    2.251145362854004
  ],
  "9": [
    0.8939194679260254,
    1.3783026933670044,
    1.1924773454666138,
    1.0869461297988892,
    1.1634100675582886,
    1.4822900295257568,
    0.6059683561325073,
    1.2717766761779785,
    0.8740261197090149,
    1.390205979347229,
    1.3468883037567139,
    1.1229960918426514,
    0.7696841359138489,
    2.0749552249908447
  ],
  "10": [
    0.62250155210495,
    0.7709431052207947,
    1.9173797369003296,
    1.2268905639648438,
    2.0548605918884277,
    1.6591041088104248,
    0.9176389575004578,
    0.8868555426597595,
    0.7783099412918091,
    0.7569037079811096,
    0.9332666397094727,
    1.633196234703064,
    0.4091394543647766,
    0.6678547859191895,
    0.7753868103027344,
    1.0036391019821167,
    0.8909119963645935,
    0.7503557801246643,
    1.176673173904419,
    0.9000120759010315,
    0.6300086975097656
  ],
  "11": [
    1.3354662656784058,
    0.8738526701927185,
    0.9044329524040222,
    1.0262101888656616,
    0.877631664276123,
    0.9229397177696228,
    1.6077014207839966,
    0.6222929358482361,
    1.202305793762207,
    0.7469428777694702,
    1.7479115724563599,
    0.5363938808441162,
    1.3061171770095825,
    0.8693280220031738,
    0.5515369176864624,
    1.0811446905136108,
    1.0435606241226196,
    1.4610809087753296
  ],
  "12": [
    0.6102182269096375,
    0.9804493188858032,
    0.5019513368606567,
    0.9719257354736328,
    0.47448673844337463,
    0.931401252746582,
    1.362227439880371,
    0.6487692594528198,
    0.9152091145515442,
    0.9489050507545471,
    1.1169984340667725,
    1.1086668968200684,
    0.9463600516319275,
    1.4452402591705322,
    0.7702532410621643,
    0.8081604838371277,
    1.1764427423477173,
    0.8453882932662964,
    1.4100289344787598,
    1.1363673210144043,
    2.1875245571136475,
    1.4793972969055176,
    0.9138033390045166,
    1.3724852800369263,
    1.0531423091888428
  ],
  "13": [
    0.44173675775527954,
    1.4308215379714966,
    0.8436253666877747,
    0.9251770973205566,
    0.7986931204795837,
    1.1267930269241333,
    0.694901704788208,
    0.9414646029472351,
    0.788115918636322,
    1.0902044773101807,
    1.4319907426834106,
    0.9476139545440674,
    1.9838088750839233,
    0.9598518013954163,
    1.2072169780731201,
    0.9400117993354797,
    0.7062275409698486,
    1.08827805519104,
    1.4665288925170898,
    0.9977412819862366,
    1.2121245861053467,
    0.5260274410247803
  ],
  "14": [
    1.2919509410858154,
    1.0309381484985352,
    0.9202147722244263,
    0.8648277521133423,
    1.3044034242630005,
    1.1365257501602173,
    1.213144063949585,
    0.684959352016449,
    1.4184176921844482,
    1.0891045331954956,
    1.0631307363510132,
    1.8849716186523438,
    1.0265825986862183,
    1.3849120140075684,
    0.4864342510700226
  ],
  "15": [
    1.1060535907745361,
    1.7509475946426392,
    1.3965445756912231,
    1.2138277292251587,
    0.7751895785331726,
    0.8734601140022278,
    0.9064404368400574,
    1.7655456066131592,
    1.1820354461669922,
    0.7519051432609558,
    2.3978850841522217,
    1.1013768911361694
  ],
  "16": [
    1.0815073251724243,
    1.2391172647476196,
    0.9673575758934021,
    0.5879596471786499,
    1.893906593322754,
    1.1491936445236206,
    1.1043221950531006,
    1.0215328931808472,
    0.8303080797195435,
    0.6917527914047241,
    1.623044490814209,
    0.6317575573921204,
    0.8099974393844604,
    0.9927318692207336,
    0.7706254124641418,
    1.1033340692520142,
    1.1938071250915527,
    0.6847107410430908,
    1.0036611557006836
  ],
  "17": [
    0.9555972218513489,
    0.9234138131141663,
    0.7585565447807312,
    1.388098120689392,
    1.3806098699569702,
    0.9197527170181274,
    0.9431243538856506,
    1.1836795806884766,
    0.7874081134796143
  ],
  "18": [
    1.6948710680007935,
    0.8222753405570984,
    0.8627997636795044,
    0.9440513849258423,
    0.9890809059143066,
    1.4170606136322021,
    1.4840357303619385,
    1.2759253978729248,
    1.1778080463409424
  ]
}