{
  "0": [
    1.4186851978302002,
    0.44053199887275696,
    0.8030428290367126,
    0.8786522746086121,
    0.7625332474708557,
    0.9545873403549194,
    1.0104196071624756,
    0.773507297039032,
    1.2526124715805054,
    1.51906418800354,
    0.7590097188949585,
    0.960697591304779,
    1.214035987854004,
    1.1260976791381836,
    1.0770742893218994,
    0.7757112979888916,
    0.7992181181907654,
    0.9046568274497986,
    1.1948277950286865,
    1.7697467803955078,
    1.740967869758606,
    0.7698378562927246,
    0.9939591288566589,
    0.6246071457862854,
    1.1274603605270386,
    0.9235477447509766,
    0.9885635375976562,
    0.94737309217453,
    1.2523080110549927,
    1.3541959524154663,
    0.3203514814376831,
    0.8693032264709473,
    0.7554311752319336,
    0.7467207908630371,
    1.3148480653762817,
    1.5877351760864258,
    0.7350653409957886,
    1.2782084941864014,
    0.8774935603141785,
    0.9644684195518494,
    0.8853421807289124,
    0.9437945485115051,
    0.8937879204750061,
    1.2922353744506836,
    1.0289057493209839,
    0.5296154618263245,
    0.866004228591919,
    0.5075258016586304,
    1.1573219299316406,
    1.4228644371032715
  ],
  "1": [
    1.0760513544082642,
    1.725066065788269,
    1.492746114730835,
    1.1787641048431396,
    0.7290116548538208,
    1.1148488521575928,
    1.7383778095245361,
    1.121161937713623,
    1.0989307165145874,
    1.115936517715454,
    1.381361961364746
  ],
  "2": [
    1.379086971282959,
    0.6764596700668335,
    1.1808172464370728,
    1.0106960535049438,
    0.7919086217880249,
    0.7231255769729614,
    0.8113328218460083,
    0.6481514573097229,
    0.6689988970756531,
    0.809851348400116,
    1.2029244899749756,
    1.4675695896148682,
    0.7884033918380737,
    1.0663809776306152,
    1.1920346021652222,
    0.9358850717544556,
    1.7460358142852783,
    1.0356500148773193,
    0.6000375151634216,
    0.7280775904655457,
    0.7269259095191956,
    1.0606366395950317,
    1.940848708152771,
    1.4793107509613037,
    1.445165753364563,
    2.0156679153442383,
    1.4035820960998535,
    1.258388638496399,
    0.7325474619865417,
    1.028471827507019,
    0.9092697501182556
  ],
  "3": [
    0.8306995034217834,
    1.5918551683425903,
    0.49738332629203796,
    0.6043065190315247,
    0.8591278195381165,
    1.1841449737548828,
    0.47293615341186523,
    1.158207654953003,
    1.7281982898712158,
    0.5169336199760437,
    1.102579116821289,
    0.9226008653640747,
    1.0676851272583008,
    0.4919026792049408,
    1.151656985282898,
    0.9096275568008423,
    0.6365149617195129,
    1.3537306785583496,
    0.6475057005882263,
    1.3309144973754883,
    1.4374098777770996,
    0.9430731534957886,
    1.1541765928268433,
    1.2911961078643799,
    0.696404218673706,
    0.5557252168655396,
    0.75444096326828,
    0.587091326713562,
    0.8964217901229858,
    1.840789794921875,
    0.46236300468444824,
    1.6918472051620483,
    1.4560670852661133,
    1.1927459239959717,
    0.8725663423538208,
    1.1506600379943848,
    0.9011644721031189,
    1.5109449625015259,
    1.9300965070724487,
    1.3265403509140015,
    0.8054355978965759,
    0.8137311339378357,
    1.2635703086853027,
    1.1498254537582397,
    1.1108930110931396,
    0.840312659740448,
    0.6541501879692078,
    1.5706593990325928,
    1.1474502086639404,
    0.658551812171936
  ],
  "4": [
    1.0270256996154785,
    1.0340142250061035,
    1.031219720840454,
    1.677748441696167,
    0.9303539395332336,
    2.0630533695220947,
    1.2325098514556885,
    1.0044629573822021,
    1.6968872547149658,
    0.9007347822189331,
    0.3186028301715851,
    1.443141222000122,
    1.1541920900344849,
    1.7630119323730469,
    1.0680911540985107,
    1.1044327020645142,
    1.2460668087005615,
    1.9404733180999756,
    0.83271723985672,
    1.3031173944473267,
    0.8083447813987732
  ],
  "5": [
    1.098555088043213,
    1.5313597917556763,
    1.487000584602356,
    0.9657716751098633,
    1.7638139724731445,
    0.4098908007144928,
    1.0872265100479126,
    0.6627283096313477,
    1.4962184429168701,
    1.5732182264328003,
    0.8463384509086609
  ],
  "6": [
    1.4725875854492188,
    0.3716089427471161,
    2.0409514904022217,
    1.1454709768295288,
    1.22670578956604,
    0.8429567217826843,
    1.0438685417175293,
    1.256571888923645,
    0.6478442549705505,
    0.9268485903739929,
    1.5953642129898071,
    0.6973602175712585,
    0.9386675953865051,
    1.5970197916030884,
    1.0144089460372925,
    1.4527807235717773,
    1.4704073667526245,
    1.5541749000549316,
    1.1794122457504272,
    1.1999197006225586,
    0.465436726808548,
    1.0358390808105469,
    1.2863960266113281,
    1.4006810188293457,
    0.886987030506134,
    1.2555172443389893,
    1.1912841796875,
    0.8492913246154785,
    1.089552640914917,
    1.1904160976409912,
    1.35794198513031,
    0.828351616859436,
    1.0691328048706055,
    1.22207772731781,
    0.7630743980407715,
    0.8706771731376648,
    0.6370420455932617,
    1.2906771898269653,
    0.9163066744804382,
    1.6010671854019165
  ],
  "7": [
    1.0423372983932495,
    1.969287633895874,
    1.3629170656204224,
    0.8451730608940125,
    0.7778131365776062,
    1.1871763467788696,
    0.9156707525253296,
    1.246625542640686,
    1.2019988298416138,
    1.154941439628601,
    0.6395641565322876,
    1.0658854246139526,
    0.8766670227050781,
    1.3303136825561523,
    1.4571099281311035,
    1.1705964803695679,
    1.0271333456039429,
    1.8239704370498657,
    1.4033170938491821,
    1.6446672677993774,
    1.49405038356781,
    0.994673490524292,
    0.7303658127784729,
    1.3896468877792358,
    1.6364911794662476,
    0.7911557555198669,
    1.390329122543335,
    0.8214007019996643,
    0.7449634075164795,
    0.7457022070884705,
    0.8179888725280762,
    1.5094696283340454,
    1.1231125593185425,
    1.7202212810516357
  ],
  "8": [
    0.9015741348266602,
    1.1774557828903198,
    1.3371559381484985,
    1.3215997219085693,
    0.9617905020713806,
    1.5503156185150146,
    0.9069151282310486,
    0.6345446705818176,
    1.116216778755188,
    1.3218146562576294,
    1.1909676790237427,
    0.9859448075294495,
    0.885115921497345,
    1.3705148696899414,
    1.1859283447265625,
    0.46366938948631287,
    1.018816351890564,
    0.7657170295715332,
    1.3221021890640259
  ],
  "9": [
    0.47958335280418396,
    0.7802056670188904,
    1.139395833015442,
    0.7431064248085022
  ]
}